Workbook

Sheet README
A1: PMUA – BRT Abidjan | Suivi + Projections (18 mois, T0=15/01/2026)
A3: Nouveaux apports
A4: • Planification projetée sur 18 mois avec Gantt hebdomadaire.
A5: • Calcul d’un avancement planifié (baseline) vs. avancement réel (WBS) pour écart.
A6: • KPI Projections : SPI-like (réalisé/planifié), dérive calendrier, critique.
A9: Mode d’emploi (raccourci)
A10: 1) Compléter/mettre à jour % d’avancement et dates réelles dans WBS_Taches.
A11: 2) Ajuster si besoin les dates planifiées dans Planning_Gantt (colonnes Start/Finish).
A12: 3) ‘KPIs’ et ‘Projections’ se recalculent automatiquement (modifier la Date de statut).

Sheet REF_LISTS
A1: Workstreams | B1: Liaisons HTA | C1: Génie civil | D1: Postes Sources (ext.) | E1: Postes de Livraison (PL) | F1: Postes de Répartition (PR) | G1: Mini‑stations | H1: Téléconduite/SCADA | I1: Essais & MES | J1: Approvisionnements
A3: Statuts | B3: Non démarré | C3: En cours | D3: Bloqué | E3: Terminé
A5: Phases | B5: Études | C5: Achat | D5: Travaux | E5: Essais | F5: Mise en service

Sheet WBS_Taches
A1: ID | B1: WBS | C1: Workstream | D1: Phase | E1: Activité / Description détaillée | F1: Actif / Poste / Segment | G1: Localisation | H1: Qté prévue | I1: Unité | J1: Poids WBS (%) | K1: Date début prévue | L1: Date fin prévue | M1: Date début réelle | N1: Date fin réelle | O1: Avancement (%) | P1: Statut | Q1: Responsable | R1: Dépendances | S1: Commentaire
A2: 1 | B2: 1.1 | C2: Génie civil | D2: Études | E2: Études d’exécution tracés liaisons HTA (plans/profils) | F2: Liaisons HTA | G2: Corridor BRT | H2: 32.56 | I2: km | J2: 1.5 | O2: 0 | P2: Non démarré
A3: 2 | B3: 1.2 | C3: Postes Sources (ext.) | D3: Études | E3: Dossiers d’exécution extensions 5 postes sources | F3: YOPOUGON1/PLATEAU/BIA N./DJIBI/RIVIERA | G3: Stations associées | H3: 5 | I3: postes | J3: 1.2 | O3: 0 | P3: Non démarré
A4: 3 | B4: 1.3 | C4: Postes de Livraison (PL/PR) | D4: Études | E4: Dossiers d’exécution 6 PL + PR (protections, schémas, plans) | F4: 6 PL + 6 PR | G4: Ouest/Est | H4: 12 | I4: PL | J4: 1.2 | O4: 0 | P4: Non démarré
A5: 4 | B5: 1.4 | C5: Mini‑stations | D5: Études | E5: Notes de calcul transformateurs & TGBT mini‑stations | F5: 27 MS | G5: Ouest/Est | H5: 27 | I5: MS | J5: 1 | O5: 0 | P5: Non démarré
A6: 5 | B6: 1.5 | C6: Téléconduite/SCADA | D6: Études | E6: Spécification RTU/ITI, télécom & points SCADA | F6: RTU/ITI | G6: Réseau BRT | H6: 39 | I6: sites clés | J6: 1.5 | O6: 0 | P6: Non démarré
A7: 6 | B7: 2.1 | C7: Génie civil | D7: Travaux | E7: Tranchées & fourreaux Ø160 – sections urbaines | F7: Fourreaux | G7: Corridor BRT | H7: 20 | I7: km | J7: 4 | O7: 0 | P7: Non démarré
A8: 7 | B8: 2.2 | C8: Liaisons HTA | D8: Travaux | E8: Pose câble 12/20 kV Djibi → ST20 | F8: Câble HTA | G8: Djibi–ST20 | H8: 4.1 | I8: km | J8: 2 | O8: 0 | P8: Non démarré
A9: 8 | B9: 2.3 | C9: Liaisons HTA | D9: Travaux | E9: Pose câble 12/20 kV Riviera → Dépôt Est | F9: Câble HTA | G9: Riviera–Dépôt Est | H9: 5.1 | I9: km | J9: 2.2 | O9: 0 | P9: Non démarré
A10: 9 | B10: 2.4 | C10: Liaisons HTA | D10: Travaux | E10: Pose câble 12/20 kV BIA Nord → ST9 | F10: Câble HTA | G10: BIA Nord–ST9 | H10: 0.42 | I10: km | J10: 0.6 | O10: 0 | P10: Non démarré
A11: 10 | B11: 2.5 | C11: Liaisons HTA | D11: Travaux | E11: Pose câble 12/20 kV BIA Nord → ST11 | F11: Câble HTA | G11: BIA Nord–ST11 | H11: 2.22 | I11: km | J11: 1.2 | O11: 0 | P11: Non démarré
A12: 11 | B12: 2.6 | C12: Liaisons HTA | D12: Travaux | E12: Pose câble 12/20 kV – autres sections (solde) | F12: Câble HTA | G12: Divers (corridor) | H12: 20.72 | I12: km | J12: 4.5 | O12: 0 | P12: Non démarré
A13: 12 | B13: 3.1 | C13: Postes Sources (ext.) | D13: Travaux | E13: Extension poste source : cellules départ, protections, adaptation 20 kV | F13: Poste source | G13: YOPOUGON1 | H13: 1 | I13: poste | J13: 2 | O13: 0 | P13: Non démarré
... A61: 60 | B61: 8.3 | C61: Essais & MES | D61: Mise en service | E61: Mise en service progressive par tronçons | F61: MES | G61: Tronçons Ouest/Est | H61: 2 | I61: tronçons | J61: 1.6 | O61: 0 | P61: Non démarré

Sheet Planning_Gantt
A1: ID | B1: WBS | C1: Workstream | D1: Phase | E1: Activité | F1: Start (plan) | G1: Finish (plan) | H1: Durée (sem) | I1: % Réel (WBS) | J1: 46041 | K1: 46048 | L1: 46055 | M1: 46062 | N1: 46069 | O1: 46076 | P1: 46083 | Q1: 46090 | R1: 46097 | S1: 46104 | T1: 46111 | U1: 46118 | V1: 46125 | W1: 46132 | X1: 46139 | Y1: 46146 | Z1: 46153 | AA1: 46160 | AB1: 46167 | AC1: 46174 | AD1: 46181 | AE1: 46188 | AF1: 46195 | AG1: 46202 | AH1: 46209 | AI1: 46216 | AJ1: 46223 | AK1: 46230 | AL1: 46237 | AM1: 46244 | AN1: 46251 | AO1: 46258 | AP1: 46265 | AQ1: 46272 | AR1: 46279 | AS1: 46286 | AT1: 46293 | AU1: 46300 | AV1: 46307 | AW1: 46314 | AX1: 46321 | AY1: 46328 | AZ1: 46335 | BA1: 46342 | BB1: 46349 | BC1: 46356 | BD1: 46363 | BE1: 46370 | BF1: 46377 | BG1: 46384 | BH1: 46391 | BI1: 46398 | BJ1: 46405 | BK1: 46412 | BL1: 46419 | BM1: 46426 | BN1: 46433 | BO1: 46440 | BP1: 46447 | BQ1: 46454 | BR1: 46461 | BS1: 46468 | BT1: 46475 | BU1: 46482 | BV1: 46489 | BW1: 46496 | BX1: 46503 | BY1: 46510 | BZ1: 46517 | CA1: 46524 | CB1: 46531 | CC1: 46538 | CD1: 46545 | CE1: 46552 | CF1: 46559 | CG1: 46566 | CH1: 46573 | CI1: 46580
A2: 1 | B2: 1.1 | C2: Génie civil | D2: Études | E2: Études d’exécution tracés liaisons HTA (plans/profils) | F2: 46041 | G2: 46111 | H2: 10 | I2: =INDEX(WBS_Taches!O:O,MATCH(A2,WBS_Taches!A:A,0)) -> 0
A3: 2 | B3: 1.2 | C3: Postes Sources (ext.) | D3: Études | E3: Dossiers d’exécution extensions 5 postes sources | F3: 46041 | G3: 46111 | H3: 10 | I3: =INDEX(WBS_Taches!O:O,MATCH(A3,WBS_Taches!A:A,0)) -> 0
A4: 3 | B4: 1.3 | C4: Postes de Livraison (PL) | D4: Études | E4: Dossiers d’exécution 6 PL (protections, schémas, plans) | F4: 46041 | G4: 46111 | H4: 10 | I4: =INDEX(WBS_Taches!O:O,MATCH(A4,WBS_Taches!A:A,0)) -> 0
A5: 4 | B5: 1.4 | C5: Mini‑stations | D5: Études | E5: Notes de calcul transformateurs & TGBT mini‑stations | F5: 46041 | G5: 46111 | H5: 10 | I5: =INDEX(WBS_Taches!O:O,MATCH(A5,WBS_Taches!A:A,0)) -> 0
A6: 5 | B6: 1.5 | C6: Téléconduite/SCADA | D6: Études | E6: Spécification RTU/ITI, télécom & points SCADA | F6: 46041 | G6: 46111 | H6: 10 | I6: =INDEX(WBS_Taches!O:O,MATCH(A6,WBS_Taches!A:A,0)) -> 0
A7: 6 | B7: 2.1 | C7: Génie civil | D7: Travaux | E7: Tranchées & fourreaux Ø160 – sections urbaines | F7: 46097 | G7: 46349 | H7: 36 | I7: =INDEX(WBS_Taches!O:O,MATCH(A7,WBS_Taches!A:A,0)) -> 0
A8: 7 | B8: 2.2 | C8: Liaisons HTA | D8: Travaux | E8: Pose câble 12/20 kV Djibi → ST20 | F8: 46125 | G8: 46405 | H8: 40 | I8: =INDEX(WBS_Taches!O:O,MATCH(A8,WBS_Taches!A:A,0)) -> 0
A9: 8 | B9: 2.3 | C9: Liaisons HTA | D9: Travaux | E9: Pose câble 12/20 kV Riviera → Dépôt Est | F9: 46125 | G9: 46405 | H9: 40 | I9: =INDEX(WBS_Taches!O:O,MATCH(A9,WBS_Taches!A:A,0)) -> 0
A10: 9 | B10: 2.4 | C10: Liaisons HTA | D10: Travaux | E10: Pose câble 12/20 kV BIA Nord → ST9 | F10: 46125 | G10: 46405 | H10: 40 | I10: =INDEX(WBS_Taches!O:O,MATCH(A10,WBS_Taches!A:A,0)) -> 0
A11: 10 | B11: 2.5 | C11: Liaisons HTA | D11: Travaux | E11: Pose câble 12/20 kV BIA Nord → ST11 | F11: 46125 | G11: 46405 | H11: 40 | I11: =INDEX(WBS_Taches!O:O,MATCH(A11,WBS_Taches!A:A,0)) -> 0
A12: 11 | B12: 2.6 | C12: Liaisons HTA | D12: Travaux | E12: Pose câble 12/20 kV – autres sections (solde) | F12: 46125 | G12: 46405 | H12: 40 | I12: =INDEX(WBS_Taches!O:O,MATCH(A12,WBS_Taches!A:A,0)) -> 0
A13: 12 | B13: 3.1 | C13: Postes Sources (ext.) | D13: Travaux | E13: Extension poste source : cellules départ, protections, adaptation 20 kV | F13: 46153 | G13: 46405 | H13: 36 | I13: =INDEX(WBS_Taches!O:O,MATCH(A13,WBS_Taches!A:A,0)) -> 0
... A61: 60 | B61: 8.3 | C61: Essais & MES | D61: Mise en service | E61: Mise en service progressive par tronçons | F61: 46517 | G61: 46573 | H61: 8 | I61: =INDEX(WBS_Taches!O:O,MATCH(A61,WBS_Taches!A:A,0)) -> 0

Sheet KPIs
A1: Indicateurs globaux
A3: Date de statut (modifiable) | B3: 45955
A5: Total tâches | B5: =COUNTA(WBS_Taches!A2:A999) -> 60
A7: Tâches terminées | B7: =COUNTIF(WBS_Taches!P:P,"Terminé") -> 0
A9: Tâches en cours | B9: =COUNTIF(WBS_Taches!P:P,"En cours") -> 0
A11: Tâches bloquées | B11: =COUNTIF(WBS_Taches!P:P,"Bloqué") -> 0
A13: Tâches en retard | B13: =COUNTIFS(WBS_Taches!L:L,"<"&TODAY(),WBS_Taches!P:P,"<>Terminé") -> 0
A15: Avancement global pondéré (réel) | B15: =IFERROR(SUMPRODUCT(WBS_Taches!O2:O999,WBS_Taches!J2:J999)/SUM(WBS_Taches!J2:J999),0) -> 0
A16: Avancement planifié (baseline) vs. réel
A18: Avancement planifié (pondéré) | B18: =IFERROR(SUMPRODUCT(IFERROR(MAX(0,MIN(1,(B3-Planning_Gantt!F2:F999)/(Planning_Gantt!G2:G999-Planning_Gantt!F2:F999))),0),WBS_Taches!J2:J999)/SUM(WBS_Taches!J2:J999),0) -> 0
A20: SPI-like (Réel / Planifié) | B20: =IFERROR(B6/B18,0) -> 0

Sheet Jalons
A1: Code | B1: Intitulé du jalon | C1: Workstream | D1: Date prévue | E1: Date réelle | F1: Statut | G1: Commentaire
A2: M1 | B2: Validation Dossiers d’exécution (tous lots) | C2: Études | F2: Non démarré
A3: M2 | B3: Achats approuvés (cellules, transfo, RTU/ITI, câbles) | C3: Approvisionnements | F3: Non démarré
A4: M3 | B4: Fin génie civil prioritaire (traversées critiques) | C4: Génie civil | F4: Non démarré
A5: M4 | B5: Bouclage liaisons HTA Ouest/Est | C5: Liaisons HTA | F5: Non démarré
A6: M5 | B6: PL/PR opérationnels (tests site OK) | C6: Postes | F6: Non démarré
A7: M6 | B7: SCADA relié au centre & stable | C7: Téléconduite/SCADA | F7: Non démarré
A8: M7 | B8: Mise en service Ouest | C8: Essais & MES | F8: Non démarré
A9: M8 | B9: Mise en service Est | C9: Essais & MES | F9: Non démarré

Sheet Risques
A1: ID | B1: Titre du risque | C1: Description | D1: Workstream | E1: Probabilité (1–5) | F1: Impact (1–5) | G1: Criticité (=Prob×Impact) | H1: Plan d’atténuation | I1: Propriétaire | J1: Statut
G2: =E2*F2 -> 0
G3: =E3*F3 -> 0
G4: =E4*F4 -> 0
G5: =E5*F5 -> 0
G6: =E6*F6 -> 0
G7: =E7*F7 -> 0
G8: =E8*F8 -> 0
G9: =E9*F9 -> 0
G10: =E10*F10 -> 0
G11: =E11*F11 -> 0
G12: =E12*F12 -> 0
G13: =E13*F13 -> 0
... G41: =E41*F41 -> 0
